YEAR,CURRENT_ROUND,TEAM_A,SEED_A,FARTHEST_ROUND_A,SCORE_A,TEAM_B,SEED_B,FARTHEST_ROUND_B,SCORE_B,WINNER_TEAM
2024,64,Connecticut,1,1,91,Stetson,16,64,52,Connecticut
2024,64,North Carolina,1,16,90,Wagner,16,64,62,North Carolina
2024,64,Houston,1,16,86,Longwood,16,64,46,Houston
2024,64,Purdue,1,2,78,Grambling St.,16,64,50,Purdue
2024,64,Iowa St.,2,16,82,South Dakota St.,15,64,65,Iowa St.
2024,64,Arizona,2,16,85,Long Beach St.,15,64,65,Arizona
2024,64,Marquette,2,16,87,Western Kentucky,15,64,69,Marquette
2024,64,Tennessee,2,8,83,Saint Peter's,15,64,49,Tennessee
2024,64,Illinois,3,8,85,Morehead St.,14,64,69,Illinois
2024,64,Baylor,3,32,92,Colgate,14,64,67,Baylor
2024,64,Kentucky,3,64,76,Oakland,14,32,80,Oakland
2024,64,Creighton,3,16,77,Akron,14,64,60,Creighton
2024,64,Auburn,4,64,76,Yale,13,32,78,Yale
2024,64,Alabama,4,4,109,College of Charleston,13,64,96,Alabama
2024,64,Duke,4,8,64,Vermont,13,64,47,Duke
2024,64,Kansas,4,32,93,Samford,13,64,89,Kansas
2024,64,San Diego St.,5,16,69,UAB,12,64,65,San Diego St.
2024,64,Saint Mary's,5,64,66,Grand Canyon,12,32,75,Grand Canyon
2024,64,Wisconsin,5,64,61,James Madison,12,32,72,James Madison
2024,64,Gonzaga,5,16,86,McNeese St.,12,64,65,Gonzaga
2024,64,BYU,6,64,67,Duquesne,11,32,71,Duquesne
2024,64,Clemson,6,8,77,New Mexico,11,64,56,Clemson
2024,64,Texas Tech,6,64,67,North Carolina St.,11,4,80,North Carolina St.
2024,64,South Carolina,6,64,73,Oregon,11,32,87,Oregon
2024,64,Washington St.,7,32,66,Drake,10,64,61,Washington St.
2024,64,Dayton,7,32,63,Nevada,10,64,60,Dayton
2024,64,Florida,7,64,100,Colorado,10,32,102,Colorado
2024,64,Texas,7,32,56,Colorado St.,10,64,44,Texas
2024,64,Florida Atlantic,8,64,65,Northwestern,9,32,77,Northwestern
2024,64,Mississippi St.,8,64,51,Michigan St.,9,32,69,Michigan St.
2024,64,Nebraska,8,64,83,Texas A&M,9,32,98,Texas A&M
2024,64,Utah St.,8,32,88,TCU,9,64,72,Utah St.
2024,32,Connecticut,1,1,75,Northwestern,9,32,58,Connecticut
2024,32,North Carolina,1,16,85,Mississippi St.,8,32,69,North Carolina
2024,32,Houston,1,16,100,Texas A&M,9,32,95,Houston
2024,32,Purdue,1,2,106,Utah St.,8,32,67,Purdue
2024,32,Iowa St.,2,16,67,Washington St.,7,32,56,Iowa St.
2024,32,Arizona,2,16,78,Dayton,7,32,68,Arizona
2024,32,Marquette,2,16,81,Colorado,10,32,77,Marquette
2024,32,Tennessee,2,8,62,Texas,7,32,58,Tennessee
2024,32,Illinois,3,8,89,Duquesne,11,32,63,Illinois
2024,32,Baylor,3,32,64,Clemson,6,8,72,Clemson
2024,32,North Carolina St.,11,4,79,Oakland,14,32,73,North Carolina St.
2024,32,Creighton,3,16,86,Oregon,6,32,73,Creighton
2024,32,Yale,13,32,57,San Diego St.,5,16,85,San Diego St.
2024,32,Alabama,4,4,72,Grand Canyon,12,32,61,Alabama
2024,32,Duke,4,8,93,James Madison,12,32,55,Duke
2024,32,Kansas,4,32,68,Gonzaga,5,16,89,Gonzaga
2024,16,Connecticut,1,1,82,San Diego St.,5,16,52,Connecticut
2024,16,North Carolina,1,16,87,Alabama,4,4,89,Alabama
2024,16,Houston,1,16,51,Duke,4,8,54,Duke
2024,16,Purdue,1,2,80,Gonzaga,5,16,68,Purdue
2024,16,Illinois,3,8,72,Iowa St.,2,16,69,Illinois
2024,16,Clemson,6,8,77,Arizona,2,16,72,Clemson
2024,16,North Carolina St.,11,4,67,Marquette,2,16,58,North Carolina St.
2024,16,Creighton,3,16,75,Tennessee,2,8,82,Tennessee
2024,8,Connecticut,1,1,77,Illinois,3,8,52,Connecticut
2024,8,Alabama,4,4,89,Clemson,6,8,82,Alabama
2024,8,Duke,4,8,64,North Carolina St.,11,4,76,North Carolina St.
2024,8,Purdue,1,2,72,Tennessee,2,8,66,Purdue
2024,4,Connecticut,1,1,86,Alabama,4,4,72,Connecticut
2024,4,North Carolina St.,11,4,50,Purdue,1,2,63,Purdue
2024,2,Connecticut,1,1,75,Purdue,1,2,60,Connecticut
2023,64,Alabama,1,16,96,Texas A&M Corpus Chris,16,64,75,Alabama
2023,64,Maryland,8,32,67,West Virginia,9,64,65,Maryland
2023,64,San Diego St.,5,2,63,College of Charleston,12,64,57,San Diego St.
2023,64,Virginia,4,64,67,Furman,13,32,68,Furman
2023,64,Creighton,6,8,72,North Carolina St.,11,64,63,Creighton
2023,64,Baylor,3,32,74,UC Santa Barbara,14,64,56,Baylor
2023,64,Missouri,7,32,76,Utah St.,10,64,65,Missouri
2023,64,Arizona,2,64,55,Princeton,15,16,59,Princeton
2023,64,Purdue,1,64,58,Fairleigh Dickinson,16,32,63,Fairleigh Dickinson
2023,64,Memphis,8,64,65,Florida Atlantic,9,4,66,Florida Atlantic
2023,64,Duke,5,32,74,Oral Roberts,12,64,51,Duke
2023,64,Tennessee,4,16,58,Louisiana Lafayette,13,64,55,Tennessee
2023,64,Kentucky,6,32,61,Providence,11,64,53,Kentucky
2023,64,Kansas St.,3,8,77,Montana St.,14,64,65,Kansas St.
2023,64,Michigan St.,7,16,72,USC,10,64,62,Michigan St.
2023,64,Marquette,2,32,78,Vermont,15,64,61,Marquette
2023,64,Houston,1,16,63,Northern Kentucky,16,64,52,Houston
2023,64,Iowa,8,64,75,Auburn,9,32,83,Auburn
2023,64,Miami FL,5,4,63,Drake,12,64,56,Miami FL
2023,64,Indiana,4,32,71,Kent St.,13,64,60,Indiana
2023,64,Iowa St.,6,64,41,Pittsburgh,11,32,59,Pittsburgh
2023,64,Xavier,3,16,72,Kennesaw St.,14,64,67,Xavier
2023,64,Texas A&M,7,64,59,Penn St.,10,32,76,Penn St.
2023,64,Texas,2,8,81,Colgate,15,64,61,Texas 
2023,64,Kansas,1,32,96,Howard,16,64,68,Kansas
2023,64,Arkansas,8,16,73,Illinois,9,64,63,Arkansas
2023,64,Saint Mary's,5,32,63,VCU,12,64,51,Saint Mary's
2023,64,Connecticut,4,1,87,Iona,13,64,63,Connecticut
2023,64,TCU,6,32,72,Arizona St.,11,64,70,TCU
2023,64,Gonzaga,3,8,82,Grand Canyon,14,64,70,Gonzaga
2023,64,Northwestern,7,32,75,Boise St.,10,64,67,Northwestern
2023,64,UCLA,2,16,86,UNC Asheville,15,64,53,UCLA
2023,32,Alabama,1,16,73,Maryland,8,32,51,Alabama
2023,32,San Diego St.,5,2,75,Furman,13,32,52,San Diego St.
2023,32,Creighton,6,8,85,Baylor,3,32,76,Creighton
2023,32,Missouri,7,32,63,Princeton,15,16,78,Princeton
2023,32,Fairleigh Dickinson,16,32,70,Florida Atlantic,9,4,78,Florida Atlantic
2023,32,Duke,5,32,52,Tennessee,4,16,65,Tennessee
2023,32,Kentucky,6,32,69,Kansas St.,3,8,75,Kansas St.
2023,32,Michigan St.,7,16,69,Marquette,2,32,60,Michigan St.
2023,32,Houston,1,16,81,Auburn,9,32,64,Houston
2023,32,Miami FL,5,4,85,Indiana,4,32,69,Miami FL
2023,32,Pittsburgh,11,32,73,Xavier,3,16,84,Xavier
2023,32,Penn St.,10,32,66,Texas,2,8,71,Texas 
2023,32,Kansas,1,32,71,Arkansas,8,16,72,Arkansas
2023,32,Saint Mary's,5,32,55,Connecticut,4,1,70,Connecticut
2023,32,TCU,6,32,81,Gonzaga,3,8,84,Gonzaga
2023,32,Northwestern,7,32,63,UCLA,2,16,68,UCLA
2023,16,Alabama,1,16,64,San Diego St.,5,2,71,San Diego St.
2023,16,Creighton,6,8,86,Princeton,15,16,75,Creighton
2023,16,Florida Atlantic,9,4,62,Tennessee,4,16,55,Florida Atlantic
2023,16,Kansas St.,3,8,98,Michigan St.,7,16,93,Kansas St.
2023,16,Houston,1,16,75,Miami FL,5,4,89,Miami FL
2023,16,Xavier,3,16,71,Texas,2,8,83,Texas 
2023,16,Arkansas,8,16,65,Connecticut,4,1,88,Connecticut
2023,16,Gonzaga,3,8,79,UCLA,2,16,76,Gonzaga
2023,8,San Diego St.,5,2,57,Creighton,6,8,56,San Diego St.
2023,8,Florida Atlantic,9,4,79,Kansas St.,3,8,76,Florida Atlantic
2023,8,Miami FL,5,4,88,Texas,2,8,81,Miami FL
2023,8,Connecticut,4,1,82,Gonzaga,3,8,54,Connecticut
2023,4,San Diego St.,5,2,72,Florida Atlantic,9,4,71,San Diego St.
2023,4,Miami FL,5,4,59,Connecticut,4,1,72,Connecticut
2023,2,San Diego St.,5,2,59,Connecticut,4,1,76,Connecticut
2022,64,Gonzaga,1,16,93,Georgia St.,16,64,72,Gonzaga
2022,64,Boise St.,8,64,53,Memphis,9,32,64,Memphis
2022,64,Connecticut,5,64,63,New Mexico St.,12,32,70,New Mexico St.
2022,64,Arkansas,4,8,75,Vermont,13,64,71,Arkansas
2022,64,Alabama,6,64,64,Notre Dame,11,32,78,Notre Dame
2022,64,Texas Tech,3,16,97,Montana St.,14,64,62,Texas Tech
2022,64,Michigan St.,7,32,74,Davidson,10,64,73,Michigan St.
2022,64,Duke,2,4,78,Cal St. Fullerton,15,64,61,Duke
2022,64,Baylor,1,32,85,Norfolk St.,16,64,49,Baylor
2022,64,North Carolina,8,2,95,Marquette,9,64,63,North Carolina
2022,64,Saint Mary's,5,32,82,Indiana,12,64,53,Saint Mary's
2022,64,UCLA,4,16,57,Akron,13,64,53,UCLA
2022,64,Texas,6,32,81,Virginia Tech,11,64,73,Texas
2022,64,Purdue,3,16,78,Yale,14,64,56,Purdue
2022,64,Murray St.,7,32,92,San Francisco,10,64,87,Murray St.
2022,64,Kentucky,2,64,79,Saint Peter's,15,8,85,Saint Peter's
2022,64,Arizona,1,16,87,Wright St.,16,64,70,Arizona
2022,64,Seton Hall,8,64,42,TCU,9,32,69,TCU
2022,64,Houston,5,8,82,UAB,12,64,68,Houston
2022,64,Illinois,4,32,54,Chattanooga,13,64,53,Illinois
2022,64,Colorado St.,6,64,63,Michigan,11,16,75,Michigan
2022,64,Tennessee,3,32,88,Longwood,14,64,56,Tennessee
2022,64,Ohio St.,7,32,54,Loyola Chicago,10,64,41,Ohio St.
2022,64,Villanova,2,4,80,Delaware,15,64,60,Villanova
2022,64,Kansas,1,1,83,Texas Southern,16,64,56,Kansas
2022,64,San Diego St.,8,64,69,Creighton,9,32,72,Creighton
2022,64,Iowa,5,64,63,Richmond,12,32,67,Richmond
2022,64,Providence,4,16,66,South Dakota St.,13,64,57,Providence
2022,64,LSU,6,64,54,Iowa St.,11,16,59,Iowa St.
2022,64,Wisconsin,3,32,67,Colgate,14,64,60,Wisconsin
2022,64,USC,7,64,66,Miami FL,10,8,68,Miami FL
2022,64,Auburn,2,32,80,Jacksonville St.,15,64,61,Auburn
2022,32,Gonzaga,1,16,82,Memphis,9,32,78,Gonzaga
2022,32,New Mexico St.,12,32,48,Arkansas,4,8,53,Arkansas
2022,32,Notre Dame,11,32,53,Texas Tech,3,16,59,Texas Tech
2022,32,Michigan St.,7,32,76,Duke,2,4,85,Duke
2022,32,Baylor,1,32,86,North Carolina,8,2,93,North Carolina
2022,32,Saint Mary's,5,32,56,UCLA,4,16,72,UCLA
2022,32,Texas,6,32,71,Purdue,3,16,81,Purdue
2022,32,Murray St.,7,32,60,Saint Peter's,15,8,70,Saint Peter's
2022,32,Arizona,1,16,85,TCU,9,32,80,Arizona
2022,32,Houston,5,8,68,Illinois,4,32,53,Houston
2022,32,Michigan,11,16,76,Tennessee,3,32,68,Michigan
2022,32,Ohio St.,7,32,61,Villanova,2,4,71,Villanova
2022,32,Kansas,1,1,79,Creighton,9,32,72,Kansas
2022,32,Richmond,12,32,51,Providence,4,16,79,Providence
2022,32,Iowa St.,11,16,54,Wisconsin,3,32,49,Iowa St.
2022,32,Miami FL,10,8,79,Auburn,2,32,61,Miami FL
2022,16,Gonzaga,1,16,68,Arkansas,4,8,74,Arkansas
2022,16,Texas Tech,3,16,73,Duke,2,4,78,Duke
2022,16,North Carolina,8,2,73,UCLA,4,16,66,North Carolina
2022,16,Purdue,3,16,64,Saint Peter's,15,8,67,Saint Peter's
2022,16,Arizona,1,16,60,Houston,5,8,72,Houston
2022,16,Michigan,11,16,55,Villanova,2,4,63,Villanova
2022,16,Kansas,1,1,66,Providence,4,16,61,Kansas
2022,16,Iowa St.,11,16,56,Miami FL,10,8,70,Miami FL
2022,8,Arkansas,4,8,69,Duke,2,4,78,Duke
2022,8,North Carolina,8,2,69,Saint Peter's,15,8,49,North Carolina
2022,8,Houston,5,8,44,Villanova,2,4,50,Villanova
2022,8,Kansas,1,1,76,Miami FL,10,8,50,Kansas
2022,4,Duke,2,4,77,North Carolina,8,2,81,North Carolina
2022,4,Villanova,2,4,65,Kansas,1,1,81,Kansas
2022,2,North Carolina,8,2,69,Kansas,1,1,72,Kansas
2021,64,Gonzaga,1,2,98,Norfolk St.,16,64,55,Gonzaga
2021,64,Oklahoma,8,32,72,Missouri,9,64,68,Oklahoma
2021,64,Creighton,5,16,63,UC Santa Barbara,12,64,62,Creighton
2021,64,Virginia,4,64,58,Ohio,13,32,62,Ohio
2021,64,USC,6,8,72,Drake,11,64,56,USC
2021,64,Kansas,3,32,93,Eastern Washington,14,64,84,Kansas
2021,64,Iowa,2,32,86,Grand Canyon,15,64,74,Iowa
2021,64,Michigan,1,8,82,Texas Southern,16,64,66,Michigan
2021,64,LSU,8,32,76,St. Bonaventure,9,64,61,LSU
2021,64,Colorado,5,32,96,Georgetown,12,64,73,Colorado
2021,64,Florida St.,4,16,64,UNC Greensboro,13,64,54,Florida St.
2021,64,BYU,6,64,62,UCLA,11,4,73,UCLA
2021,64,Texas,3,64,52,Abilene Christian,14,32,53,Abilene Christian
2021,64,Connecticut,7,64,54,Maryland,10,32,63,Maryland
2021,64,Alabama,2,16,68,Iona,15,64,55,Alabama
2021,64,Baylor,1,1,79,Hartford,16,64,55,Baylor
2021,64,North Carolina,8,64,62,Wisconsin,9,32,85,Wisconsin
2021,64,Villanova,5,16,73,Winthrop,12,64,63,Villanova
2021,64,Purdue,4,64,69,North Texas,13,32,78,North Texas
2021,64,Texas Tech,6,32,65,Utah St.,11,64,53,Texas Tech
2021,64,Arkansas,3,8,85,Colgate,14,64,68,Arkansas
2021,64,Florida,7,32,75,Virginia Tech,10,64,70,Florida
2021,64,Ohio St.,2,64,72,Oral Roberts,15,16,75,Oral Roberts
2021,64,Illinois,1,32,78,Drexel,16,64,49,Illinois
2021,64,Loyola Chicago,8,16,71,Georgia Tech,9,64,60,Loyola Chicago
2021,64,Tennessee,5,64,56,Oregon St.,12,8,70,Oregon St.
2021,64,Oklahoma St.,4,32,69,Liberty,13,64,60,Oklahoma St.
2021,64,San Diego St.,6,64,62,Syracuse,11,16,78,Syracuse
2021,64,West Virginia,3,32,84,Morehead St.,14,64,67,West Virginia
2021,64,Clemson,7,64,56,Rutgers,10,32,60,Rutgers
2021,64,Houston,2,4,87,Cleveland St.,15,64,56,Houston
2021,32,Gonzaga,1,2,87,Oklahoma,8,32,71,Gonzaga
2021,32,Creighton,5,16,72,Ohio,13,32,58,Creighton
2021,32,USC,6,8,85,Kansas,3,32,51,USC
2021,32,Oregon,7,16,95,Iowa,2,32,80,Oregon
2021,32,Michigan,1,8,86,LSU,8,32,78,Michigan
2021,32,Colorado,5,32,53,Florida St.,4,16,71,Florida St.
2021,32,UCLA,11,4,67,Abilene Christian,14,32,47,UCLA
2021,32,Maryland,10,32,77,Alabama,2,16,96,Alabama
2021,32,Baylor,1,1,76,Wisconsin,9,32,63,Baylor
2021,32,Villanova,5,16,84,North Texas,13,32,61,Villanova
2021,32,Texas Tech,6,32,66,Arkansas,3,8,68,Arkansas
2021,32,Florida,7,32,78,Oral Roberts,15,16,81,Oral Roberts
2021,32,Illinois,1,32,58,Loyola Chicago,8,16,71,Loyola Chicago
2021,32,Oregon St.,12,8,80,Oklahoma St.,4,32,70,Oregon St.
2021,32,Syracuse,11,16,75,West Virginia,3,32,72,Syracuse
2021,32,Rutgers,10,32,60,Houston,2,4,63,Houston
2021,16,Gonzaga,1,2,83,Creighton,5,16,65,Gonzaga
2021,16,USC,6,8,82,Oregon,7,16,68,USC
2021,16,Michigan,1,8,76,Florida St.,4,16,58,Michigan
2021,16,UCLA,11,4,88,Alabama,2,16,78,UCLA
2021,16,Baylor,1,1,62,Villanova,5,16,51,Baylor
2021,16,Arkansas,3,8,72,Oral Roberts,15,16,70,Arkansas
2021,16,Loyola Chicago,8,16,58,Oregon St.,12,8,65,Oregon St.
2021,16,Syracuse,11,16,46,Houston,2,4,62,Houston
2021,8,Gonzaga,1,2,85,USC,6,8,66,Gonzaga
2021,8,Michigan,1,8,49,UCLA,11,4,51,UCLA
2021,8,Baylor,1,1,81,Arkansas,3,8,72,Baylor
2021,8,Oregon St.,12,8,61,Houston,2,4,67,Houston
2021,4,Gonzaga,1,2,93,UCLA,11,4,90,Gonzaga
2021,4,Baylor,1,1,78,Houston,2,4,59,Baylor
2021,2,Gonzaga,1,2,70,Baylor,1,1,86,Baylor
2019,64,Duke,1,8,85,North Dakota St.,16,64,62,Duke
2019,64,VCU,8,64,58,UCF,9,32,73,UCF
2019,64,Mississippi St.,5,64,76,Liberty,12,32,80,Liberty
2019,64,Virginia Tech,4,16,66,Saint Louis,13,64,52,Virginia Tech
2019,64,Maryland,6,32,79,Belmont,11,64,77,Maryland
2019,64,LSU,3,16,79,Yale,14,64,74,LSU
2019,64,Louisville,7,64,76,Minnesota,10,32,86,Minnesota
2019,64,Michigan St.,2,4,76,Bradley,15,64,65,Michigan St.
2019,64,Gonzaga,1,8,87,Fairleigh Dickinson,16,64,49,Gonzaga
2019,64,Syracuse,8,64,69,Baylor,9,32,78,Baylor
2019,64,Marquette,5,64,64,Murray St.,12,32,83,Murray St.
2019,64,Florida St.,4,16,76,Vermont,13,64,69,Florida St.
2019,64,Buffalo,6,32,91,Arizona St.,11,64,74,Buffalo
2019,64,Texas Tech,3,2,72,Northern Kentucky,14,64,57,Texas Tech
2019,64,Nevada,7,64,61,Florida,10,32,70,Florida
2019,64,Michigan,2,16,74,Montana,15,64,55,Michigan
2019,64,Virginia,1,1,71,Gardner Webb,16,64,56,Virginia
2019,64,Mississippi,8,64,72,Oklahoma,9,32,95,Oklahoma
2019,64,Wisconsin,5,64,54,Oregon,12,16,72,Oregon
2019,64,Kansas St.,4,64,64,UC Irvine,13,32,70,UC Irvine
2019,64,Villanova,6,32,61,Saint Mary's,11,64,57,Villanova
2019,64,Purdue,3,8,61,Old Dominion,14,64,48,Purdue
2019,64,Cincinnati,7,64,72,Iowa,10,32,79,Iowa
2019,64,Tennessee,2,16,77,Colgate,15,64,70,Tennessee
2019,64,North Carolina,1,16,88,Iona,16,64,73,North Carolina
2019,64,Utah St.,8,64,61,Washington,9,32,78,Washington
2019,64,Auburn,5,4,78,New Mexico St.,12,64,77,Auburn
2019,64,Kansas,4,32,87,Northeastern,13,64,52,Kansas
2019,64,Iowa St.,6,64,59,Ohio St.,11,32,62,Ohio St.
2019,64,Houston,3,16,84,Georgia St.,14,64,55,Houston
2019,64,Wofford,7,32,84,Seton Hall,10,64,68,Wofford
2019,64,Kentucky,2,8,79,Abilene Christian,15,64,44,Kentucky
2019,32,Duke,1,8,77,UCF,9,32,76,Duke
2019,32,Liberty,12,32,58,Virginia Tech,4,16,67,Virginia Tech
2019,32,Maryland,6,32,67,LSU,3,16,69,LSU
2019,32,Minnesota,10,32,50,Michigan St.,2,4,70,Michigan St.
2019,32,Gonzaga,1,8,83,Baylor,9,32,71,Gonzaga
2019,32,Murray St.,12,32,62,Florida St.,4,16,90,Florida St.
2019,32,Buffalo,6,32,58,Texas Tech,3,2,78,Texas Tech
2019,32,Florida,10,32,49,Michigan,2,16,64,Michigan
2019,32,Virginia,1,1,63,Oklahoma,9,32,51,Virginia
2019,32,Oregon,12,16,73,UC Irvine,13,32,54,Oregon
2019,32,Villanova,6,32,61,Purdue,3,8,87,Purdue
2019,32,Iowa,10,32,77,Tennessee,2,16,83,Tennessee
2019,32,North Carolina,1,16,81,Washington,9,32,59,North Carolina
2019,32,Auburn,5,4,89,Kansas,4,32,75,Auburn
2019,32,Ohio St.,11,32,59,Houston,3,16,74,Houston
2019,32,Wofford,7,32,56,Kentucky,2,8,62,Kentucky
2019,16,Duke,1,8,75,Virginia Tech,4,16,73,Duke
2019,16,LSU,3,16,63,Michigan St.,2,4,80,Michigan St.
2019,16,Gonzaga,1,8,72,Florida St.,4,16,58,Gonzaga
2019,16,Texas Tech,3,2,63,Michigan,2,16,44,Texas Tech
2019,16,Virginia,1,1,53,Oregon,12,16,49,Virginia
2019,16,Purdue,3,8,99,Tennessee,2,16,94,Purdue
2019,16,North Carolina,1,16,80,Auburn,5,4,97,Auburn
2019,16,Houston,3,16,58,Kentucky,2,8,62,Kentucky
2019,8,Duke,1,8,67,Michigan St.,2,4,68,Michigan St.
2019,8,Gonzaga,1,8,69,Texas Tech,3,2,75,Texas Tech
2019,8,Virginia,1,1,80,Purdue,3,8,75,Virginia
2019,8,Auburn,5,4,77,Kentucky,2,8,71,Auburn
2019,4,Michigan St.,2,4,51,Texas Tech,3,2,61,Texas Tech
2019,4,Virginia,1,1,63,Auburn,5,4,62,Virginia
2019,2,Texas Tech,3,2,77,Virginia,1,1,85,Virginia
2018,64,Virginia,1,64,54,UMBC,16,32,74,UMBC
2018,64,Creighton,8,64,59,Kansas St.,9,8,69,Kansas St.
2018,64,Kentucky,5,16,78,Davidson,12,64,73,Kentucky
2018,64,Arizona,4,64,68,Buffalo,13,32,89,Buffalo
2018,64,Miami FL,6,64,62,Loyola Chicago,11,4,64,Loyola Chicago
2018,64,Tennessee,3,32,73,Wright St.,14,64,47,Tennessee
2018,64,Nevada,7,16,87,Texas,10,64,83,Nevada
2018,64,Cincinnati,2,32,68,Georgia St.,15,64,53,Cincinnati
2018,64,Xavier,1,32,102,Texas Southern,16,64,83,Xavier
2018,64,Missouri,8,64,54,Florida St.,9,8,67,Florida St.
2018,64,Ohio St.,5,32,81,South Dakota St.,12,64,73,Ohio St.
2018,64,Gonzaga,4,16,68,UNC Greensboro,13,64,64,Gonzaga
2018,64,Houston,6,32,67,San Diego St.,11,64,65,Houston
2018,64,Michigan,3,2,61,Montana,14,64,47,Michigan
2018,64,Texas A&M,7,16,73,Providence,10,64,69,Texas A&M
2018,64,North Carolina,2,32,84,Lipscomb,15,64,66,North Carolina
2018,64,Villanova,1,1,87,Radford,16,64,61,Villanova
2018,64,Virginia Tech,8,64,83,Alabama,9,32,86,Alabama
2018,64,West Virginia,5,16,85,Murray St.,12,64,68,West Virginia
2018,64,Wichita St.,4,64,75,Marshall,13,32,81,Marshall
2018,64,Florida,6,32,77,St. Bonaventure,11,64,62,Florida
2018,64,Texas Tech,3,8,70,Stephen F. Austin,14,64,60,Texas Tech
2018,64,Arkansas,7,64,62,Butler,10,32,79,Butler
2018,64,Purdue,2,16,74,Cal St. Fullerton,15,64,48,Purdue
2018,64,Kansas,1,4,76,Penn,16,64,60,Kansas
2018,64,Seton Hall,8,32,94,North Carolina St.,9,64,83,Seton Hall
2018,64,Clemson,5,16,79,New Mexico St.,12,64,68,Clemson
2018,64,Auburn,4,32,62,College of Charleston,13,64,58,Auburn
2018,64,TCU,6,64,52,Syracuse,11,16,57,Syracuse
2018,64,Michigan St.,3,32,82,Bucknell,14,64,78,Michigan St.
2018,64,Rhode Island,7,32,83,Oklahoma,10,64,78,Rhode Island
2018,64,Duke,2,8,89,Iona,15,64,67,Duke
2018,32,UMBC,16,32,43,Kansas St.,9,8,50,Kansas St.
2018,32,Kentucky,5,16,95,Buffalo,13,32,75,Kentucky
2018,32,Loyola Chicago,11,4,63,Tennessee,3,32,62,Loyola Chicago
2018,32,Nevada,7,16,75,Cincinnati,2,32,73,Nevada
2018,32,Xavier,1,32,70,Florida St.,9,8,75,Florida St.
2018,32,Ohio St.,5,32,84,Gonzaga,4,16,90,Gonzaga
2018,32,Houston,6,32,63,Michigan,3,2,64,Michigan
2018,32,Texas A&M,7,16,86,North Carolina,2,32,65,Texas A&M
2018,32,Villanova,1,1,81,Alabama,9,32,58,Villanova
2018,32,West Virginia,5,16,94,Marshall,13,32,71,West Virginia
2018,32,Florida,6,32,66,Texas Tech,3,8,69,Texas Tech
2018,32,Butler,10,32,73,Purdue,2,16,76,Purdue
2018,32,Kansas,1,4,83,Seton Hall,8,32,79,Kansas
2018,32,Clemson,5,16,84,Auburn,4,32,53,Clemson
2018,32,Syracuse,11,16,55,Michigan St.,3,32,53,Syracuse
2018,32,Rhode Island,7,32,62,Duke,2,8,87,Duke
2018,16,Kansas St.,9,8,61,Kentucky,5,16,58,Kansas St.
2018,16,Loyola Chicago,11,4,69,Nevada,7,16,68,Loyola Chicago
2018,16,Florida St.,9,8,75,Gonzaga,4,16,60,Florida St.
2018,16,Michigan,3,2,99,Texas A&M,7,16,72,Michigan
2018,16,Villanova,1,1,90,West Virginia,5,16,78,Villanova
2018,16,Texas Tech,3,8,78,Purdue,2,16,65,Texas Tech
2018,16,Kansas,1,4,80,Clemson,5,16,76,Kansas
2018,16,Syracuse,11,16,65,Duke,2,8,69,Duke
2018,8,Kansas St.,9,8,62,Loyola Chicago,11,4,78,Loyola Chicago
2018,8,Florida St.,9,8,54,Michigan,3,2,58,Michigan
2018,8,Villanova,1,1,71,Texas Tech,3,8,59,Villanova
2018,8,Kansas,1,4,85,Duke,2,8,81,Kansas
2018,4,Loyola Chicago,11,4,57,Michigan,3,2,69,Michigan
2018,4,Villanova,1,1,95,Kansas,1,4,79,Villanova
2018,2,Michigan,3,2,62,Villanova,1,1,79,Villanova
2017,64,Villanova,1,32,76,Mount St. Mary's,16,64,56,Villanova
2017,64,Wisconsin,8,16,84,Virginia Tech,9,64,74,Wisconsin
2017,64,Virginia,5,32,76,UNC Wilmington,12,64,71,Virginia
2017,64,Florida,4,8,80,East Tennessee St.,13,64,65,Florida
2017,64,SMU,6,64,65,USC,11,32,66,USC
2017,64,Baylor,3,16,91,New Mexico St.,14,64,73,Baylor
2017,64,South Carolina,7,4,93,Marquette,10,64,73,South Carolina
2017,64,Duke,2,32,87,Troy,15,64,65,Duke
2017,64,Gonzaga,1,2,66,South Dakota St.,16,64,46,Gonzaga
2017,64,Northwestern,8,32,68,Vanderbilt,9,64,66,Northwestern
2017,64,Notre Dame,5,32,60,Princeton,12,64,58,Notre Dame
2017,64,West Virginia,4,16,86,Bucknell,13,64,80,West Virginia
2017,64,Maryland,6,64,65,Xavier,11,8,76,Xavier
2017,64,Florida St.,3,32,86,Florida Gulf Coast,14,64,80,Florida St.
2017,64,Saint Mary's,7,32,85,VCU,10,64,77,Saint Mary's
2017,64,Arizona,2,16,100,North Dakota,15,64,82,Arizona
2017,64,Kansas,1,8,100,UC Davis,16,64,62,Kansas
2017,64,Miami FL,8,64,58,Michigan St.,9,32,78,Michigan St.
2017,64,Iowa St.,5,32,84,Nevada,12,64,73,Iowa St.
2017,64,Purdue,4,16,80,Vermont,13,64,70,Purdue
2017,64,Creighton,6,64,72,Rhode Island,11,32,84,Rhode Island
2017,64,Oregon,3,4,93,Iona,14,64,77,Oregon
2017,64,Michigan,7,16,92,Oklahoma St.,10,64,91,Michigan
2017,64,Louisville,2,32,78,Jacksonville St.,15,64,63,Louisville
2017,64,North Carolina,1,1,103,Texas Southern,16,64,64,North Carolina
2017,64,Arkansas,8,32,77,Seton Hall,9,64,71,Arkansas
2017,64,Minnesota,5,64,72,Middle Tennessee,12,32,81,Middle Tennessee
2017,64,Butler,4,16,76,Winthrop,13,64,64,Butler
2017,64,Cincinnati,6,32,75,Kansas St.,11,64,61,Cincinnati
2017,64,UCLA,3,16,97,Kent St.,14,64,80,UCLA
2017,64,Dayton,7,64,58,Wichita St.,10,32,64,Wichita St.
2017,64,Kentucky,2,8,79,Northern Kentucky,15,64,70,Kentucky
2017,32,Villanova,1,32,62,Wisconsin,8,16,65,Wisconsin
2017,32,Virginia,5,32,39,Florida,4,8,65,Florida
2017,32,USC,11,32,78,Baylor,3,16,82,Baylor
2017,32,South Carolina,7,4,88,Duke,2,32,81,South Carolina
2017,32,Gonzaga,1,2,79,Northwestern,8,32,73,Gonzaga
2017,32,Notre Dame,5,32,71,West Virginia,4,16,83,West Virginia
2017,32,Xavier,11,8,91,Florida St.,3,32,66,Xavier
2017,32,Saint Mary's,7,32,60,Arizona,2,16,69,Arizona
2017,32,Kansas,1,8,90,Michigan St.,9,32,70,Kansas
2017,32,Iowa St.,5,32,76,Purdue,4,16,80,Purdue
2017,32,Rhode Island,11,32,72,Oregon,3,4,75,Oregon
2017,32,Michigan,7,16,73,Louisville,2,32,69,Michigan
2017,32,North Carolina,1,1,72,Arkansas,8,32,65,North Carolina
2017,32,Middle Tennessee,12,32,65,Butler,4,16,74,Butler
2017,32,Cincinnati,6,32,67,UCLA,3,16,79,UCLA
2017,32,Wichita St.,10,32,62,Kentucky,2,8,65,Kentucky
2017,16,Wisconsin,8,16,83,Florida,4,8,84,Florida
2017,16,Baylor,3,16,50,South Carolina,7,4,70,South Carolina
2017,16,Gonzaga,1,2,61,West Virginia,4,16,58,Gonzaga
2017,16,Xavier,11,8,73,Arizona,2,16,71,Xavier
2017,16,Kansas,1,8,98,Purdue,4,16,66,Kansas
2017,16,Oregon,3,4,69,Michigan,7,16,68,Oregon
2017,16,North Carolina,1,1,92,Butler,4,16,80,North Carolina
2017,16,UCLA,3,16,75,Kentucky,2,8,86,Kentucky
2017,8,Florida,4,8,70,South Carolina,7,4,77,South Carolina
2017,8,Gonzaga,1,2,83,Xavier,11,8,59,Gonzaga
2017,8,Kansas,1,8,60,Oregon,3,4,74,Oregon
2017,8,North Carolina,1,1,75,Kentucky,2,8,73,North Carolina
2017,4,South Carolina,7,4,73,Gonzaga,1,2,77,Gonzaga
2017,4,Oregon,3,4,76,North Carolina,1,1,77,North Carolina
2017,2,Gonzaga,1,2,65,North Carolina,1,1,71,North Carolina
2016,64,Kansas,1,8,105,Austin Peay,16,64,79,Kansas
2016,64,Colorado,8,64,67,Connecticut,9,32,74,Connecticut
2016,64,Maryland,5,16,79,South Dakota St.,12,64,74,Maryland
2016,64,California,4,64,66,Hawaii,13,32,77,Hawaii
2016,64,Arizona,6,64,55,Wichita St.,11,32,65,Wichita St.
2016,64,Miami FL,3,16,79,Buffalo,14,64,72,Miami FL
2016,64,Iowa,7,32,72,Temple,10,64,70,Iowa
2016,64,Villanova,2,1,86,UNC Asheville,15,64,56,Villanova
2016,64,Oregon,1,8,91,Holy Cross,16,64,52,Oregon
2016,64,Saint Joseph's,8,32,78,Cincinnati,9,64,76,Saint Joseph's
2016,64,Baylor,5,64,75,Yale,12,32,79,Yale
2016,64,Duke,4,16,93,UNC Wilmington,13,64,85,Duke
2016,64,Texas,6,64,72,Northern Iowa,11,32,75,Northern Iowa
2016,64,Texas A&M,3,16,92,Green Bay,14,64,65,Texas A&M
2016,64,Oregon St.,7,64,67,VCU,10,32,75,VCU
2016,64,Oklahoma,2,4,82,Cal St. Bakersfield,15,64,68,Oklahoma
2016,64,North Carolina,1,2,83,Florida Gulf Coast,16,64,67,North Carolina
2016,64,USC,8,64,69,Providence,9,32,70,Providence
2016,64,Indiana,5,16,99,Chattanooga,12,64,74,Indiana
2016,64,Kentucky,4,32,85,Stony Brook,13,64,57,Kentucky
2016,64,Notre Dame,6,8,70,Michigan,11,64,63,Notre Dame
2016,64,West Virginia,3,64,56,Stephen F. Austin,14,32,70,Stephen F. Austin
2016,64,Wisconsin,7,16,47,Pittsburgh,10,64,43,Wisconsin
2016,64,Xavier,2,32,71,Weber St.,15,64,53,Xavier
2016,64,Virginia,1,8,81,Hampton,16,64,45,Virginia
2016,64,Texas Tech,8,64,61,Butler,9,32,71,Butler
2016,64,Purdue,5,64,83,Little Rock,12,32,85,Little Rock
2016,64,Iowa St.,4,16,94,Iona,13,64,81,Iowa St.
2016,64,Seton Hall,6,64,52,Gonzaga,11,16,68,Gonzaga
2016,64,Utah,3,32,80,Fresno St.,14,64,69,Utah
2016,64,Dayton,7,64,51,Syracuse,10,4,70,Syracuse
2016,64,Michigan St.,2,64,81,Middle Tennessee,15,32,90,Middle Tennessee
2016,32,Kansas,1,8,73,Connecticut,9,32,61,Kansas
2016,32,Maryland,5,16,73,Hawaii,13,32,60,Maryland
2016,32,Wichita St.,11,32,57,Miami FL,3,16,65,Miami FL
2016,32,Iowa,7,32,68,Villanova,2,1,87,Villanova
2016,32,Oregon,1,8,69,Saint Joseph's,8,32,64,Oregon
2016,32,Yale,12,32,64,Duke,4,16,71,Duke
2016,32,Northern Iowa,11,32,88,Texas A&M,3,16,92,Texas A&M
2016,32,VCU,10,32,81,Oklahoma,2,4,85,Oklahoma
2016,32,North Carolina,1,2,85,Providence,9,32,66,North Carolina
2016,32,Indiana,5,16,73,Kentucky,4,32,67,Indiana
2016,32,Notre Dame,6,8,76,Stephen F. Austin,14,32,75,Notre Dame
2016,32,Wisconsin,7,16,66,Xavier,2,32,63,Wisconsin
2016,32,Virginia,1,8,77,Butler,9,32,69,Virginia
2016,32,Little Rock,12,32,61,Iowa St.,4,16,78,Iowa St.
2016,32,Gonzaga,11,16,82,Utah,3,32,59,Gonzaga
2016,32,Syracuse,10,4,75,Middle Tennessee,15,32,50,Syracuse
2016,16,Kansas,1,8,79,Maryland,5,16,63,Kansas
2016,16,Miami FL,3,16,69,Villanova,2,1,92,Villanova
2016,16,Oregon,1,8,82,Duke,4,16,68,Oregon
2016,16,Texas A&M,3,16,63,Oklahoma,2,4,77,Oklahoma
2016,16,North Carolina,1,2,101,Indiana,5,16,86,North Carolina
2016,16,Notre Dame,6,8,61,Wisconsin,7,16,56,Notre Dame
2016,16,Virginia,1,8,84,Iowa St.,4,16,71,Virginia
2016,16,Gonzaga,11,16,60,Syracuse,10,4,63,Syracuse
2016,8,Kansas,1,8,59,Villanova,2,1,64,Villanova
2016,8,Oregon,1,8,68,Oklahoma,2,4,80,Oklahoma
2016,8,North Carolina,1,2,88,Notre Dame,6,8,74,North Carolina
2016,8,Virginia,1,8,62,Syracuse,10,4,68,Syracuse
2016,4,Villanova,2,1,95,Oklahoma,2,4,51,Villanova
2016,4,North Carolina,1,2,83,Syracuse,10,4,66,North Carolina
2016,2,Villanova,2,1,77,North Carolina,1,2,74,Villanova
2015,64,Kentucky,1,4,79,Hampton,16,64,56,Kentucky
2015,64,Cincinnati,8,32,66,Purdue,9,64,65,Cincinnati
2015,64,West Virginia,5,16,68,Buffalo,12,64,62,West Virginia
2015,64,Maryland,4,32,65,Valparaiso,13,64,62,Maryland
2015,64,Butler,6,32,56,Texas,11,64,48,Butler
2015,64,Notre Dame,3,8,69,Northeastern,14,64,65,Notre Dame
2015,64,Wichita St.,7,16,81,Indiana,10,64,76,Wichita St.
2015,64,Kansas,2,32,75,New Mexico St.,15,64,56,Kansas
2015,64,Wisconsin,1,2,86,Coastal Carolina,16,64,72,Wisconsin
2015,64,Oregon,8,32,79,Oklahoma St.,9,64,73,Oregon
2015,64,Arkansas,5,32,56,Wofford,12,64,53,Arkansas
2015,64,North Carolina,4,16,67,Harvard,13,64,65,North Carolina
2015,64,Xavier,6,16,76,Mississippi,11,64,57,Xavier
2015,64,Baylor,3,64,56,Georgia St.,14,32,57,Georgia St.
2015,64,VCU,7,64,72,Ohio St.,10,32,75,Ohio St.
2015,64,Arizona,2,8,93,Texas Southern,15,64,72,Arizona
2015,64,Villanova,1,32,93,Lafayette,16,64,52,Villanova
2015,64,North Carolina St.,8,16,66,LSU,9,64,65,North Carolina St.
2015,64,Northern Iowa,5,32,71,Wyoming,12,64,54,Northern Iowa
2015,64,Louisville,4,8,57,UC Irvine,13,64,55,Louisville
2015,64,Providence,6,64,53,Dayton,11,32,66,Dayton
2015,64,Oklahoma,3,16,69,Albany,14,64,60,Oklahoma
2015,64,Michigan St.,7,4,70,Georgia,10,64,63,Michigan St.
2015,64,Virginia,2,32,79,Belmont,15,64,67,Virginia
2015,64,Duke,1,1,85,Robert Morris,16,64,56,Duke
2015,64,San Diego St.,8,32,76,St. John's,9,64,64,San Diego St.
2015,64,Utah,5,16,57,Stephen F. Austin,12,64,50,Utah
2015,64,Georgetown,4,32,84,Eastern Washington,13,64,74,Georgetown
2015,64,SMU,6,64,59,UCLA,11,16,60,UCLA
2015,64,Iowa St.,3,64,59,UAB,14,32,60,UAB
2015,64,Iowa,7,32,83,Davidson,10,64,52,Iowa
2015,64,Gonzaga,2,8,86,North Dakota St.,15,64,76,Gonzaga
2015,32,Kentucky,1,4,64,Cincinnati,8,32,51,Kentucky
2015,32,West Virginia,5,16,69,Maryland,4,32,59,West Virginia
2015,32,Butler,6,32,64,Notre Dame,3,8,67,Notre Dame
2015,32,Wichita St.,7,16,78,Kansas,2,32,65,Wichita St.
2015,32,Wisconsin,1,2,72,Oregon,8,32,65,Wisconsin
2015,32,Arkansas,5,32,78,North Carolina,4,16,87,North Carolina
2015,32,Xavier,6,16,75,Georgia St.,14,32,67,Xavier
2015,32,Ohio St.,10,32,58,Arizona,2,8,73,Arizona
2015,32,Villanova,1,32,68,North Carolina St.,8,16,71,North Carolina St.
2015,32,Northern Iowa,5,32,53,Louisville,4,8,66,Louisville
2015,32,Dayton,11,32,66,Oklahoma,3,16,72,Oklahoma
2015,32,Michigan St.,7,4,60,Virginia,2,32,54,Michigan St.
2015,32,Duke,1,1,68,San Diego St.,8,32,49,Duke
2015,32,Utah,5,16,75,Georgetown,4,32,64,Utah
2015,32,UCLA,11,16,92,UAB,14,32,75,UCLA
2015,32,Iowa,7,32,68,Gonzaga,2,8,87,Gonzaga
2015,16,Kentucky,1,4,78,West Virginia,5,16,39,Kentucky
2015,16,Notre Dame,3,8,81,Wichita St.,7,16,70,Notre Dame
2015,16,Wisconsin,1,2,79,North Carolina,4,16,72,Wisconsin
2015,16,Xavier,6,16,60,Arizona,2,8,68,Arizona
2015,16,North Carolina St.,8,16,65,Louisville,4,8,75,Louisville
2015,16,Oklahoma,3,16,58,Michigan St.,7,4,62,Michigan St.
2015,16,Duke,1,1,63,Utah,5,16,57,Duke
2015,16,UCLA,11,16,62,Gonzaga,2,8,74,Gonzaga
2015,8,Kentucky,1,4,68,Notre Dame,3,8,66,Kentucky
2015,8,Wisconsin,1,2,85,Arizona,2,8,78,Wisconsin
2015,8,Louisville,4,8,70,Michigan St.,7,4,76,Michigan St.
2015,8,Duke,1,1,66,Gonzaga,2,8,52,Duke
2015,4,Kentucky,1,4,64,Wisconsin,1,2,71,Wisconsin
2015,4,Michigan St.,7,4,61,Duke,1,1,81,Duke
2015,2,Wisconsin,1,2,63,Duke,1,1,68,Duke
2014,64,Florida,1,4,67,Albany,16,64,55,Florida
2014,64,Colorado,8,64,48,Pittsburgh,9,32,77,Pittsburgh
2014,64,VCU,5,64,75,Stephen F. Austin,12,32,77,Stephen F. Austin
2014,64,UCLA,4,16,76,Tulsa,13,64,59,UCLA
2014,64,Ohio St.,6,64,59,Dayton,11,8,60,Dayton
2014,64,Syracuse,3,32,77,Western Michigan,14,64,53,Syracuse
2014,64,New Mexico,7,64,53,Stanford,10,16,58,Stanford
2014,64,Kansas,2,32,80,Eastern Kentucky,15,64,69,Kansas
2014,64,Virginia,1,16,70,Coastal Carolina,16,64,59,Virginia
2014,64,Memphis,8,32,71,George Washington,9,64,66,Memphis
2014,64,Cincinnati,5,64,57,Harvard,12,32,61,Harvard
2014,64,Michigan St.,4,8,93,Delaware,13,64,78,Michigan St.
2014,64,North Carolina,6,32,79,Providence,11,64,77,North Carolina
2014,64,Iowa St.,3,16,93,North Carolina Central,14,64,75,Iowa St.
2014,64,Connecticut,7,1,89,Saint Joseph's,10,64,81,Connecticut
2014,64,Villanova,2,32,73,Milwaukee,15,64,53,Villanova
2014,64,Arizona,1,8,68,Weber St.,16,64,59,Arizona
2014,64,Gonzaga,8,32,85,Oklahoma St.,9,64,77,Gonzaga
2014,64,Oklahoma,5,64,75,North Dakota St.,12,32,80,North Dakota St.
2014,64,San Diego St.,4,16,73,New Mexico St.,13,64,69,San Diego St.
2014,64,Baylor,6,16,74,Nebraska,11,64,60,Baylor
2014,64,Creighton,3,32,76,Louisiana Lafayette,14,64,66,Creighton
2014,64,Oregon,7,32,87,BYU,10,64,68,Oregon
2014,64,Wisconsin,2,4,75,American,15,64,35,Wisconsin
2014,64,Wichita St.,1,32,64,Cal Poly,16,64,37,Wichita St.
2014,64,Kentucky,8,2,56,Kansas St.,9,64,49,Kentucky
2014,64,Saint Louis,5,32,83,North Carolina St.,12,64,80,Saint Louis
2014,64,Louisville,4,16,71,Manhattan,13,64,64,Louisville
2014,64,Massachusetts,6,64,67,Tennessee,11,16,86,Tennessee
2014,64,Duke,3,64,71,Mercer,14,32,78,Mercer
2014,64,Texas,7,32,87,Arizona St.,10,64,85,Texas
2014,64,Michigan,2,8,57,Wofford,15,64,40,Michigan
2014,32,Florida,1,4,61,Pittsburgh,9,32,45,Florida
2014,32,Stephen F. Austin,12,32,60,UCLA,4,16,77,UCLA
2014,32,Dayton,11,8,55,Syracuse,3,32,53,Dayton
2014,32,Stanford,10,16,60,Kansas,2,32,57,Stanford
2014,32,Virginia,1,16,78,Memphis,8,32,60,Virginia
2014,32,Harvard,12,32,73,Michigan St.,4,8,80,Michigan St.
2014,32,North Carolina,6,32,83,Iowa St.,3,16,85,Iowa St.
2014,32,Connecticut,7,1,77,Villanova,2,32,65,Connecticut
2014,32,Arizona,1,8,84,Gonzaga,8,32,61,Arizona
2014,32,North Dakota St.,12,32,44,San Diego St.,4,16,63,San Diego St.
2014,32,Baylor,6,16,85,Creighton,3,32,55,Baylor
2014,32,Oregon,7,32,77,Wisconsin,2,4,85,Wisconsin
2014,32,Wichita St.,1,32,76,Kentucky,8,2,78,Kentucky
2014,32,Saint Louis,5,32,51,Louisville,4,16,66,Louisville
2014,32,Tennessee,11,16,83,Mercer,14,32,63,Tennessee
2014,32,Texas,7,32,65,Michigan,2,8,79,Michigan
2014,16,Florida,1,4,79,UCLA,4,16,68,Florida
2014,16,Dayton,11,8,82,Stanford,10,16,72,Dayton
2014,16,Virginia,1,16,59,Michigan St.,4,8,61,Michigan St.
2014,16,Iowa St.,3,16,76,Connecticut,7,1,81,Connecticut
2014,16,Arizona,1,8,70,San Diego St.,4,16,64,Arizona
2014,16,Baylor,6,16,52,Wisconsin,2,4,69,Wisconsin
2014,16,Kentucky,8,2,74,Louisville,4,16,69,Kentucky
2014,16,Tennessee,11,16,71,Michigan,2,8,73,Michigan
2014,8,Florida,1,4,62,Dayton,11,8,52,Florida
2014,8,Michigan St.,4,8,54,Connecticut,7,1,60,Connecticut
2014,8,Arizona,1,8,63,Wisconsin,2,4,64,Wisconsin
2014,8,Kentucky,8,2,75,Michigan,2,8,72,Kentucky
2014,4,Florida,1,4,53,Connecticut,7,1,63,Connecticut
2014,4,Wisconsin,2,4,73,Kentucky,8,2,74,Kentucky
2014,2,Connecticut,7,1,60,Kentucky,8,2,54,Connecticut
2013,64,Louisville,1,1,79,North Carolina A&T,16,64,48,Louisville
2013,64,Colorado St.,8,32,84,Missouri,9,64,72,Colorado St.
2013,64,Oklahoma St.,5,64,55,Oregon,12,16,68,Oregon
2013,64,Saint Louis,4,32,64,New Mexico St.,13,64,44,Saint Louis
2013,64,Memphis,6,32,54,Saint Mary's,11,64,52,Memphis
2013,64,Michigan St.,3,16,65,Valparaiso,14,64,54,Michigan St.
2013,64,Creighton,7,32,67,Cincinnati,10,64,63,Creighton
2013,64,Duke,2,8,73,Albany,15,64,61,Duke
2013,64,Gonzaga,1,32,64,Southern,16,64,58,Gonzaga
2013,64,Pittsburgh,8,64,55,Wichita St.,9,4,73,Wichita St.
2013,64,Wisconsin,5,64,46,Mississippi,12,32,57,Mississippi
2013,64,Kansas St.,4,64,61,La Salle,13,16,63,La Salle
2013,64,Arizona,6,16,81,Belmont,11,64,64,Arizona
2013,64,New Mexico,3,64,62,Harvard,14,32,68,Harvard
2013,64,Notre Dame,7,64,58,Iowa St.,10,32,76,Iowa St.
2013,64,Ohio St.,2,8,95,Iona,15,64,70,Ohio St.
2013,64,Kansas,1,16,64,Western Kentucky,16,64,57,Kansas
2013,64,North Carolina,8,32,78,Villanova,9,64,71,North Carolina
2013,64,VCU,5,32,88,Akron,12,64,42,VCU
2013,64,Michigan,4,2,71,South Dakota St.,13,64,56,Michigan
2013,64,UCLA,6,64,63,Minnesota,11,32,83,Minnesota
2013,64,Florida,3,8,79,Northwestern St.,14,64,47,Florida
2013,64,San Diego St.,7,32,70,Oklahoma,10,64,55,San Diego St.
2013,64,Georgetown,2,64,68,Florida Gulf Coast,15,16,78,Florida Gulf Coast
2013,64,Indiana,1,16,83,James Madison,16,64,62,Indiana
2013,64,North Carolina St.,8,64,72,Temple,9,32,76,Temple
2013,64,UNLV,5,64,61,California,12,32,64,California
2013,64,Syracuse,4,4,81,Montana,13,64,34,Syracuse
2013,64,Butler,6,32,68,Bucknell,11,64,56,Butler
2013,64,Marquette,3,8,59,Davidson,14,64,58,Marquette
2013,64,Illinois,7,32,57,Colorado,10,64,49,Illinois
2013,64,Miami FL,2,16,78,Pacific,15,64,49,Miami FL
2013,32,Louisville,1,1,82,Colorado St.,8,32,56,Louisville
2013,32,Oregon,12,16,74,Saint Louis,4,32,57,Oregon
2013,32,Memphis,6,32,48,Michigan St.,3,16,70,Michigan St.
2013,32,Creighton,7,32,50,Duke,2,8,66,Duke
2013,32,Gonzaga,1,32,70,Wichita St.,9,4,76,Wichita St.
2013,32,Mississippi,12,32,74,La Salle,13,16,76,La Salle
2013,32,Arizona,6,16,74,Harvard,14,32,51,Arizona
2013,32,Iowa St.,10,32,75,Ohio St.,2,8,78,Ohio St.
2013,32,Kansas,1,16,70,North Carolina,8,32,58,Kansas
2013,32,VCU,5,32,53,Michigan,4,2,78,Michigan
2013,32,Minnesota,11,32,64,Florida,3,8,78,Florida
2013,32,San Diego St.,7,32,71,Florida Gulf Coast,15,16,81,Florida Gulf Coast
2013,32,Indiana,1,16,58,Temple,9,32,52,Indiana
2013,32,California,12,32,60,Syracuse,4,4,66,Syracuse
2013,32,Butler,6,32,72,Marquette,3,8,74,Marquette
2013,32,Illinois,7,32,59,Miami FL,2,16,63,Miami FL
2013,16,Louisville,1,1,77,Oregon,12,16,69,Louisville
2013,16,Michigan St.,3,16,61,Duke,2,8,71,Duke
2013,16,Wichita St.,9,4,72,La Salle,13,16,58,Wichita St.
2013,16,Arizona,6,16,70,Ohio St.,2,8,73,Ohio St.
2013,16,Kansas,1,16,85,Michigan,4,2,87,Michigan
2013,16,Florida,3,8,62,Florida Gulf Coast,15,16,50,Florida
2013,16,Indiana,1,16,50,Syracuse,4,4,61,Syracuse
2013,16,Marquette,3,8,71,Miami FL,2,16,61,Marquette
2013,8,Louisville,1,1,85,Duke,2,8,63,Louisville
2013,8,Wichita St.,9,4,70,Ohio St.,2,8,66,Wichita St.
2013,8,Michigan,4,2,79,Florida,3,8,59,Michigan
2013,8,Syracuse,4,4,55,Marquette,3,8,39,Syracuse
2013,4,Louisville,1,1,72,Wichita St.,9,4,68,Louisville
2013,4,Michigan,4,2,61,Syracuse,4,4,56,Michigan
2013,2,Louisville,1,1,82,Michigan,4,2,76,Louisville
2012,64,Kentucky,1,1,81,Western Kentucky,16,64,66,Kentucky
2012,64,Iowa St.,8,32,77,Connecticut,9,64,64,Iowa St.
2012,64,Wichita St.,5,64,59,VCU,12,32,62,VCU
2012,64,Indiana,4,16,79,New Mexico St.,13,64,66,Indiana
2012,64,UNLV,6,64,64,Colorado,11,32,68,Colorado
2012,64,Baylor,3,8,68,South Dakota St.,14,64,60,Baylor
2012,64,Notre Dame,7,64,63,Xavier,10,16,67,Xavier
2012,64,Duke,2,64,70,Lehigh,15,32,75,Lehigh
2012,64,Michigan St.,1,16,89,LIU Brooklyn,16,64,67,Michigan St.
2012,64,Memphis,8,64,54,Saint Louis,9,32,61,Saint Louis
2012,64,New Mexico,5,32,75,Long Beach St.,12,64,68,New Mexico
2012,64,Louisville,4,4,69,Davidson,13,64,62,Louisville
2012,64,Murray St.,6,32,58,Colorado St.,11,64,41,Murray St.
2012,64,Marquette,3,16,88,BYU,14,64,68,Marquette
2012,64,Florida,7,8,71,Virginia,10,64,45,Florida
2012,64,Missouri,2,64,84,Norfolk St.,15,32,86,Norfolk St.
2012,64,Syracuse,1,8,72,UNC Asheville,16,64,65,Syracuse
2012,64,Kansas St.,8,32,70,Southern Miss,9,64,64,Kansas St.
2012,64,Vanderbilt,5,32,79,Harvard,12,64,70,Vanderbilt
2012,64,Wisconsin,4,16,73,Montana,13,64,49,Wisconsin
2012,64,Cincinnati,6,16,65,Texas,11,64,59,Cincinnati
2012,64,Florida St.,3,32,66,St. Bonaventure,14,64,63,Florida St.
2012,64,Gonzaga,7,32,77,West Virginia,10,64,54,Gonzaga
2012,64,Ohio St.,2,4,78,Loyola MD,15,64,59,Ohio St.
2012,64,North Carolina,1,8,77,Vermont,16,64,58,North Carolina
2012,64,Creighton,8,32,58,Alabama,9,64,57,Creighton
2012,64,Temple,5,64,44,South Florida,12,32,58,South Florida
2012,64,Michigan,4,64,60,Ohio,13,16,65,Ohio
2012,64,San Diego St.,6,64,65,North Carolina St.,11,16,79,North Carolina St.
2012,64,Georgetown,3,32,74,Belmont,14,64,59,Georgetown
2012,64,Saint Mary's,7,64,69,Purdue,10,32,72,Purdue
2012,64,Kansas,2,2,65,Detroit,15,64,50,Kansas
2012,32,Kentucky,1,1,87,Iowa St.,8,32,71,Kentucky
2012,32,VCU,12,32,61,Indiana,4,16,63,Indiana
2012,32,Colorado,11,32,63,Baylor,3,8,80,Baylor
2012,32,Xavier,10,16,70,Lehigh,15,32,58,Xavier
2012,32,Michigan St.,1,16,65,Saint Louis,9,32,61,Michigan St.
2012,32,New Mexico,5,32,56,Louisville,4,4,59,Louisville
2012,32,Murray St.,6,32,53,Marquette,3,16,62,Marquette
2012,32,Florida,7,8,84,Norfolk St.,15,32,50,Florida
2012,32,Syracuse,1,8,75,Kansas St.,8,32,59,Syracuse
2012,32,Vanderbilt,5,32,57,Wisconsin,4,16,60,Wisconsin
2012,32,Cincinnati,6,16,62,Florida St.,3,32,56,Cincinnati
2012,32,Gonzaga,7,32,66,Ohio St.,2,4,73,Ohio St.
2012,32,North Carolina,1,8,87,Creighton,8,32,73,North Carolina
2012,32,South Florida,12,32,56,Ohio,13,16,62,Ohio
2012,32,North Carolina St.,11,16,66,Georgetown,3,32,63,North Carolina St.
2012,32,Purdue,10,32,60,Kansas,2,2,63,Kansas
2012,16,Kentucky,1,1,102,Indiana,4,16,90,Kentucky
2012,16,Baylor,3,8,75,Xavier,10,16,70,Baylor
2012,16,Michigan St.,1,16,44,Louisville,4,4,57,Louisville
2012,16,Marquette,3,16,58,Florida,7,8,68,Florida
2012,16,Syracuse,1,8,64,Wisconsin,4,16,63,Syracuse
2012,16,Cincinnati,6,16,66,Ohio St.,2,4,81,Ohio St.
2012,16,North Carolina,1,8,73,Ohio,13,16,65,North Carolina
2012,16,North Carolina St.,11,16,57,Kansas,2,2,60,Kansas
2012,8,Kentucky,1,1,82,Baylor,3,8,70,Kentucky
2012,8,Louisville,4,4,72,Florida,7,8,68,Louisville
2012,8,Syracuse,1,8,70,Ohio St.,2,4,77,Ohio St.
2012,8,North Carolina,1,8,67,Kansas,2,2,80,Kansas
2012,4,Kentucky,1,1,69,Louisville,4,4,61,Kentucky
2012,4,Ohio St.,2,4,62,Kansas,2,2,64,Kansas
2012,2,Kentucky,1,1,67,Kansas,2,2,59,Kentucky
2011,64,Ohio St.,1,16,75,UTSA,16,64,46,Ohio St.
2011,64,George Mason,8,32,61,Villanova,9,64,57,George Mason
2011,64,West Virginia,5,32,84,Clemson,12,64,76,West Virginia
2011,64,Kentucky,4,4,59,Princeton,13,64,57,Kentucky
2011,64,Xavier,6,64,55,Marquette,11,16,66,Marquette
2011,64,Syracuse,3,32,77,Indiana St.,14,64,60,Syracuse
2011,64,Washington,7,32,68,Georgia,10,64,65,Washington
2011,64,North Carolina,2,8,102,LIU Brooklyn,15,64,87,North Carolina
2011,64,Duke,1,16,87,Hampton,16,64,45,Duke
2011,64,Michigan,8,32,75,Tennessee,9,64,45,Michigan
2011,64,Arizona,5,8,77,Memphis,12,64,75,Arizona
2011,64,Texas,4,32,85,Oakland,13,64,81,Texas
2011,64,Cincinnati,6,32,78,Missouri,11,64,63,Cincinnati
2011,64,Connecticut,3,1,81,Bucknell,14,64,52,Connecticut
2011,64,Temple,7,32,66,Penn St.,10,64,64,Temple
2011,64,San Diego St.,2,16,68,Northern Colorado,15,64,50,San Diego St.
2011,64,Kansas,1,8,72,Boston University,16,64,53,Kansas
2011,64,UNLV,8,64,62,Illinois,9,32,73,Illinois
2011,64,Vanderbilt,5,64,66,Richmond,12,16,69,Richmond
2011,64,Louisville,4,64,61,Morehead St.,13,32,62,Morehead St.
2011,64,Georgetown,6,64,56,VCU,11,4,74,VCU
2011,64,Purdue,3,32,65,Saint Peter's,14,64,43,Purdue
2011,64,Texas A&M,7,64,50,Florida St.,10,16,57,Florida St.
2011,64,Notre Dame,2,32,69,Akron,15,64,56,Notre Dame
2011,64,Pittsburgh,1,32,74,UNC Asheville,16,64,51,Pittsburgh
2011,64,Butler,8,2,60,Old Dominion,9,64,58,Butler
2011,64,Kansas St.,5,32,73,Utah St.,12,64,68,Kansas St.
2011,64,Wisconsin,4,16,72,Belmont,13,64,58,Wisconsin
2011,64,St. John's,6,64,71,Gonzaga,11,32,86,Gonzaga
2011,64,BYU,3,16,74,Wofford,14,64,66,BYU
2011,64,UCLA,7,32,78,Michigan St.,10,64,76,UCLA
2011,64,Florida,2,8,79,UC Santa Barbara,15,64,51,Florida
2011,32,Ohio St.,1,16,98,George Mason,8,32,66,Ohio St.
2011,32,West Virginia,5,32,63,Kentucky,4,4,71,Kentucky
2011,32,Marquette,11,16,66,Syracuse,3,32,62,Marquette
2011,32,Washington,7,32,83,North Carolina,2,8,86,North Carolina
2011,32,Duke,1,16,73,Michigan,8,32,71,Duke
2011,32,Arizona,5,8,70,Texas,4,32,69,Arizona
2011,32,Cincinnati,6,32,58,Connecticut,3,1,69,Connecticut
2011,32,Temple,7,32,64,San Diego St.,2,16,71,San Diego St.
2011,32,Kansas,1,8,73,Illinois,9,32,59,Kansas
2011,32,Richmond,12,16,65,Morehead St.,13,32,48,Richmond
2011,32,VCU,11,4,94,Purdue,3,32,76,VCU
2011,32,Florida St.,10,16,71,Notre Dame,2,32,57,Florida St.
2011,32,Pittsburgh,1,32,70,Butler,8,2,71,Butler
2011,32,Kansas St.,5,32,65,Wisconsin,4,16,70,Wisconsin
2011,32,Gonzaga,11,32,67,BYU,3,16,89,BYU
2011,32,UCLA,7,32,65,Florida,2,8,73,Florida
2011,16,Ohio St.,1,16,60,Kentucky,4,4,62,Kentucky
2011,16,Marquette,11,16,63,North Carolina,2,8,81,North Carolina
2011,16,Duke,1,16,77,Arizona,5,8,93,Arizona
2011,16,Connecticut,3,1,74,San Diego St.,2,16,67,Connecticut
2011,16,Kansas,1,8,77,Richmond,12,16,57,Kansas
2011,16,VCU,11,4,72,Florida St.,10,16,71,VCU
2011,16,Butler,8,2,61,Wisconsin,4,16,54,Butler
2011,16,BYU,3,16,74,Florida,2,8,83,Florida
2011,8,Kentucky,4,4,76,North Carolina,2,8,69,Kentucky
2011,8,Arizona,5,8,63,Connecticut,3,1,65,Connecticut
2011,8,Kansas,1,8,61,VCU,11,4,71,VCU
2011,8,Butler,8,2,74,Florida,2,8,71,Butler
2011,4,Kentucky,4,4,55,Connecticut,3,1,56,Connecticut
2011,4,VCU,11,4,62,Butler,8,2,70,Butler
2011,2,Connecticut,3,1,53,Butler,8,2,41,Connecticut
2010,64,Kansas,1,32,90,Lehigh,16,64,74,Kansas
2010,64,UNLV,8,64,66,Northern Iowa,9,16,69,Northern Iowa
2010,64,Michigan St.,5,4,70,New Mexico St.,12,64,67,Michigan St.
2010,64,Maryland,4,32,89,Houston,13,64,77,Maryland
2010,64,Tennessee,6,8,62,San Diego St.,11,64,59,Tennessee
2010,64,Georgetown,3,64,83,Ohio,14,32,97,Ohio
2010,64,Oklahoma St.,7,64,59,Georgia Tech,10,32,64,Georgia Tech
2010,64,Ohio St.,2,16,68,UC Santa Barbara,15,64,51,Ohio St.
2010,64,Syracuse,1,16,79,Vermont,16,64,56,Syracuse
2010,64,Gonzaga,8,32,67,Florida St.,9,64,60,Gonzaga
2010,64,Butler,5,2,77,UTEP,12,64,59,Butler
2010,64,Vanderbilt,4,64,65,Murray St.,13,32,66,Murray St.
2010,64,Xavier,6,16,65,Minnesota,11,64,54,Xavier
2010,64,Pittsburgh,3,32,89,Oakland,14,64,66,Pittsburgh
2010,64,BYU,7,32,99,Florida,10,64,92,BYU
2010,64,Kansas St.,2,8,82,North Texas,15,64,62,Kansas St.
2010,64,Kentucky,1,8,100,East Tennessee St.,16,64,71,Kentucky
2010,64,Texas,8,64,80,Wake Forest,9,32,81,Wake Forest
2010,64,Temple,5,64,65,Cornell,12,16,78,Cornell
2010,64,Wisconsin,4,32,53,Wofford,13,64,49,Wisconsin
2010,64,Marquette,6,64,78,Washington,11,16,80,Washington
2010,64,New Mexico,3,32,62,Montana,14,64,57,New Mexico
2010,64,Clemson,7,64,78,Missouri,10,32,86,Missouri
2010,64,West Virginia,2,4,77,Morgan St.,15,64,50,West Virginia
2010,64,Duke,1,1,73,Arkansas Pine Bluff,16,64,44,Duke
2010,64,California,8,32,77,Louisville,9,64,62,California
2010,64,Texas A&M,5,32,69,Utah St.,12,64,53,Texas A&M
2010,64,Purdue,4,16,72,Siena,13,64,64,Purdue
2010,64,Notre Dame,6,64,50,Old Dominion,11,32,51,Old Dominion
2010,64,Baylor,3,8,68,Sam Houston St.,14,64,59,Baylor
2010,64,Richmond,7,64,71,Saint Mary's,10,16,80,Saint Mary's
2010,64,Villanova,2,32,73,Robert Morris,15,64,70,Villanova
2010,32,Kansas,1,32,67,Northern Iowa,9,16,69,Northern Iowa
2010,32,Michigan St.,5,4,85,Maryland,4,32,83,Michigan St.
2010,32,Tennessee,6,8,83,Ohio,14,32,68,Tennessee
2010,32,Georgia Tech,10,32,66,Ohio St.,2,16,75,Ohio St.
2010,32,Syracuse,1,16,87,Gonzaga,8,32,65,Syracuse
2010,32,Butler,5,2,54,Murray St.,13,32,52,Butler
2010,32,Xavier,6,16,71,Pittsburgh,3,32,68,Xavier
2010,32,BYU,7,32,72,Kansas St.,2,8,84,Kansas St.
2010,32,Kentucky,1,8,90,Wake Forest,9,32,60,Kentucky
2010,32,Cornell,12,16,87,Wisconsin,4,32,69,Cornell
2010,32,Washington,11,16,82,New Mexico,3,32,64,Washington
2010,32,Missouri,10,32,59,West Virginia,2,4,68,West Virginia
2010,32,Duke,1,1,68,California,8,32,53,Duke
2010,32,Texas A&M,5,32,61,Purdue,4,16,63,Purdue
2010,32,Old Dominion,11,32,68,Baylor,3,8,76,Baylor
2010,32,Saint Mary's,10,16,75,Villanova,2,32,68,Saint Mary's
2010,16,Northern Iowa,9,16,52,Michigan St.,5,4,59,Michigan St.
2010,16,Tennessee,6,8,76,Ohio St.,2,16,73,Tennessee
2010,16,Syracuse,1,16,59,Butler,5,2,63,Butler
2010,16,Xavier,6,16,96,Kansas St.,2,8,101,Kansas St.
2010,16,Kentucky,1,8,62,Cornell,12,16,45,Kentucky
2010,16,Washington,11,16,56,West Virginia,2,4,69,West Virginia
2010,16,Duke,1,1,70,Purdue,4,16,57,Duke
2010,16,Baylor,3,8,72,Saint Mary's,10,16,49,Baylor
2010,8,Michigan St.,5,4,70,Tennessee,6,8,69,Michigan St.
2010,8,Butler,5,2,63,Kansas St.,2,8,56,Butler
2010,8,Kentucky,1,8,66,West Virginia,2,4,73,West Virginia
2010,8,Duke,1,1,78,Baylor,3,8,71,Duke
2010,4,Michigan St.,5,4,50,Butler,5,2,52,Butler
2010,4,West Virginia,2,4,57,Duke,1,1,78,Duke
2010,2,Butler,5,2,59,Duke,1,1,61,Duke
2009,64,Louisville,1,8,74,Morehead St.,16,64,54,Louisville
2009,64,Ohio St.,8,64,72,Siena,9,32,74,Siena
2009,64,Utah,5,64,71,Arizona,12,16,84,Arizona
2009,64,Wake Forest,4,64,69,Cleveland St.,13,32,84,Cleveland St.
2009,64,West Virginia,6,64,60,Dayton,11,32,68,Dayton
2009,64,Kansas,3,16,84,North Dakota St.,14,64,74,Kansas
2009,64,Boston College,7,64,55,USC,10,32,72,USC
2009,64,Michigan St.,2,2,77,Robert Morris,15,64,62,Michigan St.
2009,64,Connecticut,1,4,103,Chattanooga,16,64,47,Connecticut
2009,64,BYU,8,64,66,Texas A&M,9,32,79,Texas A&M
2009,64,Purdue,5,16,61,Northern Iowa,12,64,56,Purdue
2009,64,Washington,4,32,71,Mississippi St.,13,64,58,Washington
2009,64,Marquette,6,32,58,Utah St.,11,64,57,Marquette
2009,64,Missouri,3,8,78,Cornell,14,64,59,Missouri
2009,64,California,7,64,71,Maryland,10,32,84,Maryland
2009,64,Memphis,2,16,81,Cal St. Northridge,15,64,70,Memphis
2009,64,Pittsburgh,1,8,72,East Tennessee St.,16,64,62,Pittsburgh
2009,64,Oklahoma St.,8,32,77,Tennessee,9,64,75,Oklahoma St.
2009,64,Florida St.,5,64,59,Wisconsin,12,32,61,Wisconsin
2009,64,Xavier,4,16,77,Portland St.,13,64,59,Xavier
2009,64,UCLA,6,32,65,VCU,11,64,64,UCLA
2009,64,Villanova,3,4,80,American,14,64,67,Villanova
2009,64,Texas,7,32,76,Minnesota,10,64,62,Texas
2009,64,Duke,2,16,86,Binghamton,15,64,62,Duke
2009,64,North Carolina,1,1,101,Radford,16,64,58,North Carolina
2009,64,LSU,8,32,75,Butler,9,64,71,LSU
2009,64,Illinois,5,64,72,Western Kentucky,12,32,76,Western Kentucky
2009,64,Gonzaga,4,16,77,Akron,13,64,64,Gonzaga
2009,64,Arizona St.,6,32,66,Temple,11,64,57,Arizona St.
2009,64,Syracuse,3,16,59,Stephen F. Austin,14,64,44,Syracuse
2009,64,Clemson,7,64,59,Michigan,10,32,62,Michigan
2009,64,Oklahoma,2,8,82,Morgan St.,15,64,54,Oklahoma
2009,32,Louisville,1,8,79,Siena,9,32,72,Louisville
2009,32,Arizona,12,16,71,Cleveland St.,13,32,57,Arizona
2009,32,Dayton,11,32,43,Kansas,3,16,60,Kansas
2009,32,USC,10,32,69,Michigan St.,2,2,74,Michigan St.
2009,32,Connecticut,1,4,92,Texas A&M,9,32,66,Connecticut
2009,32,Purdue,5,16,76,Washington,4,32,74,Purdue
2009,32,Marquette,6,32,79,Missouri,3,8,83,Missouri
2009,32,Maryland,10,32,70,Memphis,2,16,89,Memphis
2009,32,Pittsburgh,1,8,84,Oklahoma St.,8,32,76,Pittsburgh
2009,32,Wisconsin,12,32,49,Xavier,4,16,60,Xavier
2009,32,UCLA,6,32,69,Villanova,3,4,89,Villanova
2009,32,Texas,7,32,69,Duke,2,16,74,Duke
2009,32,North Carolina,1,1,84,LSU,8,32,70,North Carolina
2009,32,Western Kentucky,12,32,81,Gonzaga,4,16,83,Gonzaga
2009,32,Arizona St.,6,32,67,Syracuse,3,16,78,Syracuse
2009,32,Michigan,10,32,63,Oklahoma,2,8,73,Oklahoma
2009,16,Louisville,1,8,103,Arizona,12,16,64,Louisville
2009,16,Kansas,3,16,62,Michigan St.,2,2,67,Michigan St.
2009,16,Connecticut,1,4,72,Purdue,5,16,60,Connecticut
2009,16,Missouri,3,8,102,Memphis,2,16,91,Missouri
2009,16,Pittsburgh,1,8,60,Xavier,4,16,55,Pittsburgh
2009,16,Villanova,3,4,77,Duke,2,16,54,Villanova
2009,16,North Carolina,1,1,98,Gonzaga,4,16,77,North Carolina
2009,16,Syracuse,3,16,71,Oklahoma,2,8,84,Oklahoma
2009,8,Louisville,1,8,52,Michigan St.,2,2,64,Michigan St.
2009,8,Connecticut,1,4,82,Missouri,3,8,75,Connecticut
2009,8,Pittsburgh,1,8,76,Villanova,3,4,78,Villanova
2009,8,North Carolina,1,1,72,Oklahoma,2,8,60,North Carolina
2009,4,Michigan St.,2,2,82,Connecticut,1,4,73,Michigan St.
2009,4,Villanova,3,4,69,North Carolina,1,1,83,North Carolina
2009,2,Michigan St.,2,2,72,North Carolina,1,1,89,North Carolina
2008,64,North Carolina,1,4,113,Mount St. Mary's,16,64,74,North Carolina
2008,64,Indiana,8,64,72,Arkansas,9,32,86,Arkansas
2008,64,Notre Dame,5,32,68,George Mason,12,64,50,Notre Dame
2008,64,Washington St.,4,16,71,Winthrop,13,64,40,Washington St.
2008,64,Oklahoma,6,32,72,Saint Joseph's,11,64,64,Oklahoma
2008,64,Louisville,3,8,79,Boise St.,14,64,61,Louisville
2008,64,Butler,7,32,81,South Alabama,10,64,61,Butler
2008,64,Tennessee,2,16,72,American,15,64,57,Tennessee
2008,64,Kansas,1,1,85,Portland St.,16,64,61,Kansas
2008,64,UNLV,8,32,71,Kent St.,9,64,58,UNLV
2008,64,Clemson,5,64,69,Villanova,12,16,75,Villanova
2008,64,Vanderbilt,4,64,62,Siena,13,32,83,Siena
2008,64,USC,6,64,67,Kansas St.,11,32,80,Kansas St.
2008,64,Wisconsin,3,16,71,Cal St. Fullerton,14,64,56,Wisconsin
2008,64,Gonzaga,7,64,76,Davidson,10,8,82,Davidson
2008,64,Georgetown,2,32,66,UMBC,15,64,47,Georgetown
2008,64,Memphis,1,2,87,UT Arlington,16,64,63,Memphis
2008,64,Mississippi St.,8,32,76,Oregon,9,64,69,Mississippi St.
2008,64,Michigan St.,5,16,72,Temple,12,64,61,Michigan St.
2008,64,Pittsburgh,4,32,82,Oral Roberts,13,64,63,Pittsburgh
2008,64,Marquette,6,32,74,Kentucky,11,64,66,Marquette
2008,64,Stanford,3,16,77,Cornell,14,64,53,Stanford
2008,64,Miami FL,7,32,78,Saint Mary's,10,64,64,Miami FL
2008,64,Texas,2,8,74,Austin Peay,15,64,54,Texas
2008,64,UCLA,1,4,70,Mississippi Valley St.,16,64,29,UCLA
2008,64,BYU,8,64,62,Texas A&M,9,32,67,Texas A&M
2008,64,Drake,5,64,99,Western Kentucky,12,16,101,Western Kentucky
2008,64,Connecticut,4,64,69,San Diego,13,32,70,San Diego
2008,64,Purdue,6,32,90,Baylor,11,64,79,Purdue
2008,64,Xavier,3,8,73,Georgia,14,64,61,Xavier
2008,64,West Virginia,7,16,75,Arizona,10,64,65,West Virginia
2008,64,Duke,2,32,71,Belmont,15,64,70,Duke
2008,32,North Carolina,1,4,108,Arkansas,9,32,77,North Carolina
2008,32,Notre Dame,5,32,41,Washington St.,4,16,61,Washington St.
2008,32,Oklahoma,6,32,48,Louisville,3,8,78,Louisville
2008,32,Butler,7,32,71,Tennessee,2,16,76,Tennessee
2008,32,Kansas,1,1,75,UNLV,8,32,56,Kansas
2008,32,Villanova,12,16,84,Siena,13,32,72,Villanova
2008,32,Kansas St.,11,32,55,Wisconsin,3,16,72,Wisconsin
2008,32,Davidson,10,8,74,Georgetown,2,32,70,Davidson
2008,32,Memphis,1,2,77,Mississippi St.,8,32,74,Memphis
2008,32,Michigan St.,5,16,65,Pittsburgh,4,32,54,Michigan St.
2008,32,Marquette,6,32,81,Stanford,3,16,82,Stanford
2008,32,Miami FL,7,32,72,Texas,2,8,75,Texas
2008,32,UCLA,1,4,51,Texas A&M,9,32,49,UCLA
2008,32,Western Kentucky,12,16,72,San Diego,13,32,63,Western Kentucky
2008,32,Purdue,6,32,78,Xavier,3,8,85,Xavier
2008,32,West Virginia,7,16,73,Duke,2,32,67,West Virginia
2008,16,North Carolina,1,4,68,Washington St.,4,16,47,North Carolina
2008,16,Louisville,3,8,79,Tennessee,2,16,60,Louisville
2008,16,Kansas,1,1,72,Villanova,12,16,57,Kansas
2008,16,Wisconsin,3,16,56,Davidson,10,8,73,Davidson
2008,16,Memphis,1,2,92,Michigan St.,5,16,74,Memphis
2008,16,Stanford,3,16,62,Texas,2,8,82,Texas
2008,16,UCLA,1,4,88,Western Kentucky,12,16,78,UCLA
2008,16,Xavier,3,8,79,West Virginia,7,16,75,Xavier
2008,8,North Carolina,1,4,83,Louisville,3,8,73,North Carolina
2008,8,Kansas,1,1,59,Davidson,10,8,57,Kansas
2008,8,Memphis,1,2,85,Texas,2,8,67,Memphis
2008,8,UCLA,1,4,76,Xavier,3,8,57,UCLA
2008,4,North Carolina,1,4,66,Kansas,1,1,84,Kansas
2008,4,Memphis,1,2,78,UCLA,1,4,63,Memphis
2008,2,Kansas,1,1,75,Memphis,1,2,68,Kansas
